Year,State,Prison_Jail_Rate,value
2000,Alabama,Jail Rate,203.1
2000,Alabama,Prison Rate,584.8
2000,Alaska,Prison Rate,339.1
2000,Arizona,Jail Rate,196.9
2000,Arizona,Prison Rate,491.8
2000,Arkansas,Jail Rate,163.1
2000,Arkansas,Prison Rate,442.5
2000,California,Jail Rate,193.1
2000,California,Prison Rate,471.9
2000,Colorado,Jail Rate,156.7
2000,Colorado,Prison Rate,388.9
2000,Connecticut,Prison Rate,385.6
2000,Delaware,Prison Rate,500.6
2000,District of Columbia,Jail Rate,25.3
2000,District of Columbia,Prison Rate,1382.4
2000,Florida,Jail Rate,296.9
2000,Florida,Prison Rate,444.4
2000,Georgia,Jail Rate,350.1
2000,Georgia,Prison Rate,536.3
2000,Hawaii,Prison Rate,293.3
2000,Idaho,Jail Rate,161.3
2000,Idaho,Prison Rate,425.9
2000,Illinois,Jail Rate,134.6
2000,Illinois,Prison Rate,364.1
2000,Indiana,Jail Rate,187.2
2000,Indiana,Prison Rate,325.2
2000,Iowa,Jail Rate,92.4
2000,Iowa,Prison Rate,271.7
2000,Kansas,Jail Rate,170.6
2000,Kansas,Prison Rate,309.9
2000,Kentucky,Jail Rate,180.8
2000,Kentucky,Prison Rate,368.5
2000,Louisiana,Jail Rate,135.1
2000,Louisiana,Prison Rate,787.8
2000,Maine,Jail Rate,91.9
2000,Maine,Prison Rate,128.0
2000,Maryland,Jail Rate,185.9
2000,Maryland,Prison Rate,423.5
2000,Massachusetts,Jail Rate,134.6
2000,Massachusetts,Prison Rate,149.0
2000,Michigan,Jail Rate,152.5
2000,Michigan,Prison Rate,479.3
2000,Minnesota,Jail Rate,91.6
2000,Minnesota,Prison Rate,126.4
2000,Mississippi,Jail Rate,211.9
2000,Mississippi,Prison Rate,675.5
2000,Missouri,Jail Rate,128.6
2000,Missouri,Prison Rate,490.9
2000,Montana,Jail Rate,64.3
2000,Montana,Prison Rate,343.7
2000,Nebraska,Jail Rate,108.9
2000,Nebraska,Prison Rate,222.7
2000,Nevada,Jail Rate,219.7
2000,Nevada,Prison Rate,498.6
2000,New Hampshire,Jail Rate,47.3
2000,New Hampshire,Prison Rate,182.0
2000,New Jersey,Jail Rate,128.8
2000,New Jersey,Prison Rate,353.3
2000,New Mexico,Jail Rate,275.4
2000,New Mexico,Prison Rate,256.3
2000,New York,Jail Rate,138.8
2000,New York,Prison Rate,369.5
2000,North Carolina,Jail Rate,141.3
2000,North Carolina,Prison Rate,334.7
2000,North Dakota,Jail Rate,72.6
2000,North Dakota,Prison Rate,155.0
2000,Ohio,Jail Rate,137.9
2000,Ohio,Prison Rate,403.3
2000,Oklahoma,Jail Rate,172.5
2000,Oklahoma,Prison Rate,671.2
2000,Oregon,Jail Rate,179.6
2000,Oregon,Prison Rate,307.6
2000,Pennsylvania,Jail Rate,218.7
2000,Pennsylvania,Prison Rate,299.9
2000,Rhode Island,Prison Rate,187.1
2000,South Carolina,Jail Rate,198.1
2000,South Carolina,Prison Rate,522.4
2000,South Dakota,Jail Rate,129.3
2000,South Dakota,Prison Rate,345.8
2000,Tennessee,Jail Rate,253.3
2000,Tennessee,Prison Rate,388.7
2000,Texas,Jail Rate,220.8
2000,Texas,Prison Rate,754.4
2000,Utah,Jail Rate,180.3
2000,Utah,Prison Rate,246.9
2000,Vermont,Prison Rate,215.3
2000,Virginia,Jail Rate,222.2
2000,Virginia,Prison Rate,417.2
2000,Washington,Jail Rate,138.3
2000,Washington,Prison Rate,248.1
2000,West Virginia,Jail Rate,103.0
2000,West Virginia,Prison Rate,210.0
2000,Wisconsin,Jail Rate,228.2
2000,Wisconsin,Prison Rate,378.4
2000,Wyoming,Jail Rate,166.2
2000,Wyoming,Prison Rate,340.1
2001,Alabama,Jail Rate,238.6
2001,Alabama,Prison Rate,585.5
2001,Alaska,Prison Rate,346.8
2001,Arizona,Jail Rate,241.8
2001,Arizona,Prison Rate,498.9
2001,Arkansas,Jail Rate,165.1
2001,Arkansas,Prison Rate,464.4
2001,California,Jail Rate,189.8
2001,California,Prison Rate,456.1
2001,Colorado,Jail Rate,224.6
2001,Colorado,Prison Rate,393.6
2001,Connecticut,Prison Rate,387.2
2001,Delaware,Prison Rate,507.5
2001,District of Columbia,Jail Rate,223.5
2001,District of Columbia,Prison Rate,--
2001,Florida,Jail Rate,294.7
2001,Florida,Prison Rate,442.7
2001,Georgia,Jail Rate,355.4
2001,Georgia,Prison Rate,545.2
2001,Hawaii,Prison Rate,301.2
2001,Idaho,Jail Rate,195.3
2001,Idaho,Prison Rate,452.9
2001,Illinois,Jail Rate,151.8
2001,Illinois,Prison Rate,354.6
2001,Indiana,Jail Rate,251.8
2001,Indiana,Prison Rate,341
2001,Iowa,Jail Rate,93.8
2001,Iowa,Prison Rate,271.8
2001,Kansas,Jail Rate,185.9
2001,Kansas,Prison Rate,317.5
2001,Kentucky,Jail Rate,345.4
2001,Kentucky,Prison Rate,371.2
2001,Louisiana,Jail Rate,219.9
2001,Louisiana,Prison Rate,802.8
2001,Maine,Jail Rate,101.4
2001,Maine,Prison Rate,127.7
2001,Maryland,Jail Rate,192.3
2001,Maryland,Prison Rate,425
2001,Massachusetts,Jail Rate,157.7
2001,Massachusetts,Prison Rate,145.9
2001,Michigan,Jail Rate,157.7
2001,Michigan,Prison Rate,488.2
2001,Minnesota,Jail Rate,103.3
2001,Minnesota,Prison Rate,132.6
2001,Mississippi,Jail Rate,188.1
2001,Mississippi,Prison Rate,717.6
2001,Missouri,Jail Rate,136.6
2001,Missouri,Prison Rate,509.1
2001,Montana,Jail Rate,134.8
2001,Montana,Prison Rate,367.4
2001,Nebraska,Jail Rate,120.6
2001,Nebraska,Prison Rate,225
2001,Nevada,Jail Rate,219.2
2001,Nevada,Prison Rate,488.6
2001,New Hampshire,Jail Rate,88.7
2001,New Hampshire,Prison Rate,190.3
2001,New Jersey,Jail Rate,147
2001,New Jersey,Prison Rate,331.5
2001,New Mexico,Jail Rate,295.5
2001,New Mexico,Prison Rate,295.7
2001,New York,Jail Rate,144
2001,New York,Prison Rate,353.8
2001,North Carolina,Jail Rate,145.2
2001,North Carolina,Prison Rate,336.8
2001,North Dakota,Jail Rate,79.8
2001,North Dakota,Prison Rate,161.4
2001,Ohio,Jail Rate,144.7
2001,Ohio,Prison Rate,397.3
2001,Oklahoma,Jail Rate,173.9
2001,Oklahoma,Prison Rate,657.5
2001,Oregon,Jail Rate,204.4
2001,Oregon,Prison Rate,327.6
2001,Pennsylvania,Jail Rate,235.6
2001,Pennsylvania,Prison Rate,309.4
2001,Rhode Island,Prison Rate,182
2001,South Carolina,Jail Rate,238.9
2001,South Carolina,Prison Rate,531.8
2001,South Dakota,Jail Rate,123.5
2001,South Dakota,Prison Rate,366.4
2001,Tennessee,Jail Rate,231.8
2001,Tennessee,Prison Rate,411.3
2001,Texas,Jail Rate,161.3
2001,Texas,Prison Rate,717.5
2001,Utah,Jail Rate,185.8
2001,Utah,Prison Rate,229.3
2001,Vermont,Prison Rate,214.5
2001,Virginia,Jail Rate,240.1
2001,Virginia,Prison Rate,440.3
2001,Washington,Jail Rate,197.8
2001,Washington,Prison Rate,250.8
2001,West Virginia,Jail Rate,128.7
2001,West Virginia,Prison Rate,231.5
2001,Wisconsin,Jail Rate,223.5
2001,Wisconsin,Prison Rate,388.9
2001,Wyoming,Jail Rate,195.2
2001,Wyoming,Prison Rate,341.6
2002,Alabama,Jail Rate,228.8
2002,Alabama,Prison Rate,615.6
2002,Alaska,Prison Rate,401
2002,Arizona,Jail Rate,221.6
2002,Arizona,Prison Rate,513.7
2002,Arkansas,Jail Rate,175.8
2002,Arkansas,Prison Rate,480.6
2002,California,Jail Rate,197
2002,California,Prison Rate,458.7
2002,Colorado,Jail Rate,234.3
2002,Colorado,Prison Rate,418.1
2002,Connecticut,Prison Rate,408.4
2002,Delaware,Prison Rate,455
2002,District of Columbia,Jail Rate,466.7
2002,District of Columbia,Prison Rate,--
2002,Florida,Jail Rate,315.3
2002,Florida,Prison Rate,450.9
2002,Georgia,Jail Rate,374.3
2002,Georgia,Prison Rate,552.4
2002,Hawaii,Prison Rate,312.7
2002,Idaho,Jail Rate,211.2
2002,Idaho,Prison Rate,428.1
2002,Illinois,Jail Rate,158.9
2002,Illinois,Prison Rate,340
2002,Indiana,Jail Rate,215.2
2002,Indiana,Prison Rate,350.3
2002,Iowa,Jail Rate,110.2
2002,Iowa,Prison Rate,286.7
2002,Kansas,Jail Rate,198.8
2002,Kansas,Prison Rate,329.4
2002,Kentucky,Jail Rate,241.5
2002,Kentucky,Prison Rate,380.6
2002,Louisiana,Jail Rate,226.3
2002,Louisiana,Prison Rate,806.8
2002,Maine,Jail Rate,108
2002,Maine,Prison Rate,140.4
2002,Maryland,Jail Rate,209.7
2002,Maryland,Prison Rate,427.8
2002,Massachusetts,Jail Rate,167.1
2002,Massachusetts,Prison Rate,138.9
2002,Michigan,Jail Rate,160.6
2002,Michigan,Prison Rate,504
2002,Minnesota,Jail Rate,106.9
2002,Minnesota,Prison Rate,142.1
2002,Mississippi,Jail Rate,189
2002,Mississippi,Prison Rate,748.5
2002,Missouri,Jail Rate,148
2002,Missouri,Prison Rate,529.5
2002,Montana,Jail Rate,133.5
2002,Montana,Prison Rate,365.2
2002,Nebraska,Jail Rate,126.5
2002,Nebraska,Prison Rate,230.3
2002,Nevada,Jail Rate,223
2002,Nevada,Prison Rate,483.7
2002,New Hampshire,Jail Rate,104.5
2002,New Hampshire,Prison Rate,192.8
2002,New Jersey,Jail Rate,156.9
2002,New Jersey,Prison Rate,326.4
2002,New Mexico,Jail Rate,295.7
2002,New Mexico,Prison Rate,304.4
2002,New York,Jail Rate,152.1
2002,New York,Prison Rate,350
2002,North Carolina,Jail Rate,168.1
2002,North Carolina,Prison Rate,344.1
2002,North Dakota,Jail Rate,96.2
2002,North Dakota,Prison Rate,161.8
2002,Ohio,Jail Rate,159
2002,Ohio,Prison Rate,399.7
2002,Oklahoma,Jail Rate,163.8
2002,Oklahoma,Prison Rate,651.5
2002,Oregon,Jail Rate,167.4
2002,Oregon,Prison Rate,343.5
2002,Pennsylvania,Jail Rate,258.8
2002,Pennsylvania,Prison Rate,325.8
2002,Rhode Island,Prison Rate,191.8
2002,South Carolina,Jail Rate,275
2002,South Carolina,Prison Rate,556.5
2002,South Dakota,Jail Rate,142.4
2002,South Dakota,Prison Rate,382
2002,Tennessee,Jail Rate,231.3
2002,Tennessee,Prison Rate,430.6
2002,Texas,Jail Rate,179.3
2002,Texas,Prison Rate,699.1
2002,Utah,Jail Rate,181.6
2002,Utah,Prison Rate,234.5
2002,Vermont,Prison Rate,214.8
2002,Virginia,Jail Rate,233.2
2002,Virginia,Prison Rate,480.2
2002,Washington,Jail Rate,192.6
2002,Washington,Prison Rate,262.9
2002,West Virginia,Jail Rate,105.3
2002,West Virginia,Prison Rate,250.3
2002,Wisconsin,Jail Rate,236.1
2002,Wisconsin,Prison Rate,397.4
2002,Wyoming,Jail Rate,214.6
2002,Wyoming,Prison Rate,349.5
2003,Alabama,Jail Rate,233.2
2003,Alabama,Prison Rate,607.3
2003,Alaska,Prison Rate,403.9
2003,Arizona,Jail Rate,237.8
2003,Arizona,Prison Rate,531.6
2003,Arkansas,Jail Rate,185.2
2003,Arkansas,Prison Rate,486.5
2003,California,Jail Rate,196.9
2003,California,Prison Rate,461.5
2003,Colorado,Jail Rate,242.1
2003,Colorado,Prison Rate,432.5
2003,Connecticut,Prison Rate,391.8
2003,Delaware,Prison Rate,505.8
2003,District of Columbia,Jail Rate,286.7
2003,District of Columbia,Prison Rate,--
2003,Florida,Jail Rate,302.3
2003,Florida,Prison Rate,482.9
2003,Georgia,Jail Rate,387
2003,Georgia,Prison Rate,540.3
2003,Hawaii,Prison Rate,336.2
2003,Idaho,Jail Rate,219.6
2003,Idaho,Prison Rate,420.6
2003,Illinois,Jail Rate,164.4
2003,Illinois,Prison Rate,344.6
2003,Indiana,Jail Rate,216.2
2003,Indiana,Prison Rate,372.2
2003,Iowa,Jail Rate,117.4
2003,Iowa,Prison Rate,291.4
2003,Kansas,Jail Rate,240
2003,Kansas,Prison Rate,335.5
2003,Kentucky,Jail Rate,242.7
2003,Kentucky,Prison Rate,393.1
2003,Louisiana,Jail Rate,227.4
2003,Louisiana,Prison Rate,805.6
2003,Maine,Jail Rate,111.7
2003,Maine,Prison Rate,149.7
2003,Maryland,Jail Rate,214.9
2003,Maryland,Prison Rate,422.6
2003,Massachusetts,Jail Rate,174.6
2003,Massachusetts,Prison Rate,136.6
2003,Michigan,Jail Rate,160.2
2003,Michigan,Prison Rate,490.3
2003,Minnesota,Jail Rate,111.5
2003,Minnesota,Prison Rate,155.8
2003,Mississippi,Jail Rate,206.1
2003,Mississippi,Prison Rate,682.4
2003,Missouri,Jail Rate,152.3
2003,Missouri,Prison Rate,529.8
2003,Montana,Jail Rate,128.6
2003,Montana,Prison Rate,394.9
2003,Nebraska,Jail Rate,124.2
2003,Nebraska,Prison Rate,229.3
2003,Nevada,Jail Rate,298
2003,Nevada,Prison Rate,471.3
2003,New Hampshire,Jail Rate,107.7
2003,New Hampshire,Prison Rate,189.9
2003,New Jersey,Jail Rate,160.4
2003,New Jersey,Prison Rate,317.4
2003,New Mexico,Jail Rate,327.5
2003,New Mexico,Prison Rate,317.4
2003,New York,Jail Rate,152.1
2003,New York,Prison Rate,339
2003,North Carolina,Jail Rate,167.3
2003,North Carolina,Prison Rate,349.2
2003,North Dakota,Jail Rate,102.8
2003,North Dakota,Prison Rate,181.3
2003,Ohio,Jail Rate,166.9
2003,Ohio,Prison Rate,391.2
2003,Oklahoma,Jail Rate,171.3
2003,Oklahoma,Prison Rate,641.6
2003,Oregon,Jail Rate,173
2003,Oregon,Prison Rate,357.6
2003,Pennsylvania,Jail Rate,249.7
2003,Pennsylvania,Prison Rate,330.8
2003,Rhode Island,Prison Rate,185.1
2003,South Carolina,Jail Rate,242.2
2003,South Carolina,Prison Rate,553.3
2003,South Dakota,Jail Rate,144
2003,South Dakota,Prison Rate,393.2
2003,Tennessee,Jail Rate,270.3
2003,Tennessee,Prison Rate,433.8
2003,Texas,Jail Rate,191.3
2003,Texas,Prison Rate,709.7
2003,Utah,Jail Rate,199.6
2003,Utah,Prison Rate,238.7
2003,Vermont,Prison Rate,227.2
2003,Virginia,Jail Rate,245.4
2003,Virginia,Prison Rate,475.6
2003,Washington,Jail Rate,186.5
2003,Washington,Prison Rate,262.3
2003,West Virginia,Jail Rate,116.2
2003,West Virginia,Prison Rate,261.6
2003,Wisconsin,Jail Rate,242.6
2003,Wisconsin,Prison Rate,402.9
2003,Wyoming,Jail Rate,228.3
2003,Wyoming,Prison Rate,375
2004,Alabama,Jail Rate,241.8
2004,Alabama,Prison Rate,559.8
2004,Alaska,Prison Rate,397.8
2004,Arizona,Jail Rate,245.9
2004,Arizona,Prison Rate,540.1
2004,Arkansas,Jail Rate,172.6
2004,Arkansas,Prison Rate,497.7
2004,California,Jail Rate,199.9
2004,California,Prison Rate,463.8
2004,Colorado,Jail Rate,224.8
2004,Colorado,Prison Rate,441.2
2004,Connecticut,Prison Rate,381.1
2004,Delaware,Prison Rate,494.4
2004,District of Columbia,Jail Rate,473.3
2004,District of Columbia,Prison Rate,--
2004,Florida,Jail Rate,331.8
2004,Florida,Prison Rate,492.3
2004,Georgia,Jail Rate,407.9
2004,Georgia,Prison Rate,573.2
2004,Hawaii,Prison Rate,333.2
2004,Idaho,Jail Rate,188.8
2004,Idaho,Prison Rate,458.1
2004,Illinois,Jail Rate,155
2004,Illinois,Prison Rate,348.4
2004,Indiana,Jail Rate,226.4
2004,Indiana,Prison Rate,385.2
2004,Iowa,Jail Rate,108.4
2004,Iowa,Prison Rate,289.8
2004,Kansas,Jail Rate,213.1
2004,Kansas,Prison Rate,328.3
2004,Kentucky,Jail Rate,260
2004,Kentucky,Prison Rate,413.2
2004,Louisiana,Jail Rate,224.3
2004,Louisiana,Prison Rate,822.8
2004,Maine,Jail Rate,104.1
2004,Maine,Prison Rate,149.9
2004,Maryland,Jail Rate,222.4
2004,Maryland,Prison Rate,409.5
2004,Massachusetts,Jail Rate,187
2004,Massachusetts,Prison Rate,134.7
2004,Michigan,Jail Rate,171.6
2004,Michigan,Prison Rate,484.5
2004,Minnesota,Jail Rate,119.9
2004,Minnesota,Prison Rate,172.4
2004,Mississippi,Jail Rate,194
2004,Mississippi,Prison Rate,674.6
2004,Missouri,Jail Rate,160.4
2004,Missouri,Prison Rate,539.4
2004,Montana,Jail Rate,123.7
2004,Montana,Prison Rate,341.7
2004,Nebraska,Jail Rate,143.6
2004,Nebraska,Prison Rate,231.8
2004,Nevada,Jail Rate,258.1
2004,Nevada,Prison Rate,484.4
2004,New Hampshire,Jail Rate,117
2004,New Hampshire,Prison Rate,189.4
2004,New Jersey,Jail Rate,167.3
2004,New Jersey,Prison Rate,310.7
2004,New Mexico,Jail Rate,354.1
2004,New Mexico,Prison Rate,323
2004,New York,Jail Rate,151.8
2004,New York,Prison Rate,330.4
2004,North Carolina,Jail Rate,176.5
2004,North Carolina,Prison Rate,359.7
2004,North Dakota,Jail Rate,108.9
2004,North Dakota,Prison Rate,194.6
2004,Ohio,Jail Rate,167.4
2004,Ohio,Prison Rate,390.8
2004,Oklahoma,Jail Rate,197.5
2004,Oklahoma,Prison Rate,652
2004,Oregon,Jail Rate,170
2004,Oregon,Prison Rate,368.5
2004,Pennsylvania,Jail Rate,254.7
2004,Pennsylvania,Prison Rate,330.4
2004,Rhode Island,Prison Rate,176.8
2004,South Carolina,Jail Rate,250.9
2004,South Carolina,Prison Rate,541
2004,South Dakota,Jail Rate,160.7
2004,South Dakota,Prison Rate,398.8
2004,Tennessee,Jail Rate,262.8
2004,Tennessee,Prison Rate,437.5
2004,Texas,Jail Rate,201.5
2004,Texas,Prison Rate,703.1
2004,Utah,Jail Rate,198.3
2004,Utah,Prison Rate,242.5
2004,Vermont,Prison Rate,234.7
2004,Virginia,Jail Rate,255
2004,Virginia,Prison Rate,476.2
2004,Washington,Jail Rate,185.4
2004,Washington,Prison Rate,266.9
2004,West Virginia,Jail Rate,127.4
2004,West Virginia,Prison Rate,278.7
2004,Wisconsin,Jail Rate,239.3
2004,Wisconsin,Prison Rate,402.6
2004,Wyoming,Jail Rate,272.2
2004,Wyoming,Prison Rate,393.7
2005,Alabama,Jail Rate,250.1
2005,Alabama,Prison Rate,594.1
2005,Alaska,Prison Rate,415.4
2005,Arizona,Jail Rate,248.8
2005,Arizona,Prison Rate,525.7
2005,Arkansas,Jail Rate,171.6
2005,Arkansas,Prison Rate,482.1
2005,California,Jail Rate,209.4
2005,California,Prison Rate,472.1
2005,Colorado,Jail Rate,261.6
2005,Colorado,Prison Rate,460.4
2005,Connecticut,Prison Rate,377.3
2005,Delaware,Prison Rate,472.9
2005,District of Columbia,Jail Rate,242.6
2005,District of Columbia,Prison Rate,--
2005,Florida,Jail Rate,341.8
2005,Florida,Prison Rate,504.8
2005,Georgia,Jail Rate,427.3
2005,Georgia,Prison Rate,535.8
2005,Hawaii,Prison Rate,349.3
2005,Idaho,Jail Rate,221.9
2005,Idaho,Prison Rate,478.2
2005,Illinois,Jail Rate,228.9
2005,Illinois,Prison Rate,354.4
2005,Indiana,Jail Rate,243.7
2005,Indiana,Prison Rate,390.5
2005,Iowa,Jail Rate,125.8
2005,Iowa,Prison Rate,296.2
2005,Kansas,Jail Rate,227.3
2005,Kansas,Prison Rate,330.7
2005,Kentucky,Jail Rate,242.4
2005,Kentucky,Prison Rate,459.4
2005,Louisiana,Jail Rate,278.8
2005,Louisiana,Prison Rate,802.3
2005,Maine,Jail Rate,109.7
2005,Maine,Prison Rate,145.2
2005,Maryland,Jail Rate,215.3
2005,Maryland,Prison Rate,396.7
2005,Massachusetts,Jail Rate,175.9
2005,Massachusetts,Prison Rate,140.7
2005,Michigan,Jail Rate,173.5
2005,Michigan,Prison Rate,491
2005,Minnesota,Jail Rate,119.2
2005,Minnesota,Prison Rate,181.8
2005,Mississippi,Jail Rate,215.6
2005,Mississippi,Prison Rate,666.7
2005,Missouri,Jail Rate,161.7
2005,Missouri,Prison Rate,530.5
2005,Montana,Jail Rate,129.8
2005,Montana,Prison Rate,375.4
2005,Nebraska,Jail Rate,147.7
2005,Nebraska,Prison Rate,247.2
2005,Nevada,Jail Rate,218.9
2005,Nevada,Prison Rate,483.4
2005,New Hampshire,Jail Rate,132.9
2005,New Hampshire,Prison Rate,193.6
2005,New Jersey,Jail Rate,166.8
2005,New Jersey,Prison Rate,317.3
2005,New Mexico,Jail Rate,362.4
2005,New Mexico,Prison Rate,328.3
2005,New York,Jail Rate,152.7
2005,New York,Prison Rate,323.2
2005,North Carolina,Jail Rate,189.3
2005,North Carolina,Prison Rate,363.6
2005,North Dakota,Jail Rate,126.5
2005,North Dakota,Prison Rate,208.9
2005,Ohio,Jail Rate,166.2
2005,Ohio,Prison Rate,399.6
2005,Oklahoma,Jail Rate,221.2
2005,Oklahoma,Prison Rate,691.1
2005,Oregon,Jail Rate,176.2
2005,Oregon,Prison Rate,370.1
2005,Pennsylvania,Jail Rate,264.6
2005,Pennsylvania,Prison Rate,341
2005,Rhode Island,Prison Rate,190.1
2005,South Carolina,Jail Rate,259.1
2005,South Carolina,Prison Rate,527.8
2005,South Dakota,Jail Rate,156.4
2005,South Dakota,Prison Rate,442.8
2005,Tennessee,Jail Rate,265.6
2005,Tennessee,Prison Rate,439.8
2005,Texas,Jail Rate,171.3
2005,Texas,Prison Rate,698.4
2005,Utah,Jail Rate,184
2005,Utah,Prison Rate,251
2005,Vermont,Prison Rate,249.2
2005,Virginia,Jail Rate,261.3
2005,Virginia,Prison Rate,467.3
2005,Washington,Jail Rate,194.4
2005,Washington,Prison Rate,276.6
2005,West Virginia,Jail Rate,140.5
2005,West Virginia,Prison Rate,293.4
2005,Wisconsin,Jail Rate,246.4
2005,Wisconsin,Prison Rate,395.7
2005,Wyoming,Jail Rate,270.7
2005,Wyoming,Prison Rate,404.4
2006,Alabama,Jail Rate,277.3
2006,Alabama,Prison Rate,598.7
2006,Alaska,Prison Rate,460.1
2006,Arizona,Jail Rate,239
2006,Arizona,Prison Rate,541.9
2006,Arkansas,Jail Rate,189.5
2006,Arkansas,Prison Rate,487.1
2006,California,Jail Rate,208.1
2006,California,Prison Rate,483.5
2006,Colorado,Jail Rate,269.4
2006,Colorado,Prison Rate,473
2006,Connecticut,Prison Rate,394.4
2006,Delaware,Prison Rate,491.8
2006,District of Columbia,Jail Rate,447.3
2006,District of Columbia,Prison Rate,--
2006,Florida,Jail Rate,342.9
2006,Florida,Prison Rate,513.4
2006,Georgia,Jail Rate,429.3
2006,Georgia,Prison Rate,565.7
2006,Hawaii,Prison Rate,342.8
2006,Idaho,Jail Rate,222.4
2006,Idaho,Prison Rate,486.5
2006,Illinois,Jail Rate,153.7
2006,Illinois,Prison Rate,354.7
2006,Indiana,Jail Rate,271.5
2006,Indiana,Prison Rate,413.5
2006,Iowa,Jail Rate,120
2006,Iowa,Prison Rate,298.1
2006,Kansas,Jail Rate,237.5
2006,Kansas,Prison Rate,319.9
2006,Kentucky,Jail Rate,245
2006,Kentucky,Prison Rate,462.5
2006,Louisiana,Jail Rate,206.1
2006,Louisiana,Prison Rate,857.9
2006,Maine,Jail Rate,125
2006,Maine,Prison Rate,151.9
2006,Maryland,Jail Rate,220.2
2006,Maryland,Prison Rate,397.6
2006,Massachusetts,Jail Rate,198.5
2006,Massachusetts,Prison Rate,146.5
2006,Michigan,Jail Rate,179.1
2006,Michigan,Prison Rate,511.6
2006,Minnesota,Jail Rate,121.7
2006,Minnesota,Prison Rate,176.9
2006,Mississippi,Jail Rate,206.8
2006,Mississippi,Prison Rate,663.4
2006,Missouri,Jail Rate,176.9
2006,Missouri,Prison Rate,514.3
2006,Montana,Jail Rate,125
2006,Montana,Prison Rate,376.6
2006,Nebraska,Jail Rate,133.5
2006,Nebraska,Prison Rate,238.8
2006,Nevada,Jail Rate,226
2006,Nevada,Prison Rate,509
2006,New Hampshire,Jail Rate,147.3
2006,New Hampshire,Prison Rate,208.6
2006,New Jersey,Jail Rate,178.1
2006,New Jersey,Prison Rate,317.4
2006,New Mexico,Jail Rate,379.3
2006,New Mexico,Prison Rate,327.5
2006,New York,Jail Rate,160.4
2006,New York,Prison Rate,325.3
2006,North Carolina,Jail Rate,189.1
2006,North Carolina,Prison Rate,363.4
2006,North Dakota,Jail Rate,118.5
2006,North Dakota,Prison Rate,214.1
2006,Ohio,Jail Rate,175.1
2006,Ohio,Prison Rate,427.8
2006,Oklahoma,Jail Rate,242
2006,Oklahoma,Prison Rate,668.4
2006,Oregon,Jail Rate,169.9
2006,Oregon,Prison Rate,371.6
2006,Pennsylvania,Jail Rate,279
2006,Pennsylvania,Prison Rate,352.8
2006,Rhode Island,Prison Rate,202.7
2006,South Carolina,Jail Rate,268.9
2006,South Carolina,Prison Rate,526.8
2006,South Dakota,Jail Rate,170
2006,South Dakota,Prison Rate,424.9
2006,Tennessee,Jail Rate,407.8
2006,Tennessee,Prison Rate,422.8
2006,Texas,Jail Rate,207
2006,Texas,Prison Rate,694.1
2006,Utah,Jail Rate,183.1
2006,Utah,Prison Rate,245.4
2006,Vermont,Prison Rate,263.6
2006,Virginia,Jail Rate,266.7
2006,Virginia,Prison Rate,479.8
2006,Washington,Jail Rate,197.2
2006,Washington,Prison Rate,274.4
2006,West Virginia,Jail Rate,148.7
2006,West Virginia,Prison Rate,316.5
2006,Wisconsin,Jail Rate,246.7
2006,Wisconsin,Prison Rate,406
2006,Wyoming,Jail Rate,267.8
2006,Wyoming,Prison Rate,412.2
2007,Alabama,Jail Rate,285.8
2007,Alabama,Prison Rate,616.8
2007,Alaska,Prison Rate,450.2
2007,Arizona,Jail Rate,256.5
2007,Arizona,Prison Rate,557.8
2007,Arkansas,Jail Rate,201.8
2007,Arkansas,Prison Rate,503.5
2007,California,Jail Rate,210.1
2007,California,Prison Rate,477.2
2007,Colorado,Jail Rate,263.4
2007,Colorado,Prison Rate,471.7
2007,Connecticut,Prison Rate,412.7
2007,Delaware,Prison Rate,485.7
2007,District of Columbia,Jail Rate,390.5
2007,District of Columbia,Prison Rate,--
2007,Florida,Jail Rate,345.1
2007,Florida,Prison Rate,537.4
2007,Georgia,Jail Rate,412
2007,Georgia,Prison Rate,568.8
2007,Hawaii,Prison Rate,342
2007,Idaho,Jail Rate,217.9
2007,Idaho,Prison Rate,488.2
2007,Illinois,Jail Rate,154.5
2007,Illinois,Prison Rate,353.8
2007,Indiana,Jail Rate,233.5
2007,Indiana,Prison Rate,427.3
2007,Iowa,Jail Rate,123.6
2007,Iowa,Prison Rate,293.2
2007,Kansas,Jail Rate,224.2
2007,Kansas,Prison Rate,313.3
2007,Kentucky,Jail Rate,223
2007,Kentucky,Prison Rate,512.7
2007,Louisiana,Jail Rate,271.6
2007,Louisiana,Prison Rate,853.3
2007,Maine,Jail Rate,114.3
2007,Maine,Prison Rate,148
2007,Maryland,Jail Rate,236.9
2007,Maryland,Prison Rate,404.3
2007,Massachusetts,Jail Rate,193.7
2007,Massachusetts,Prison Rate,151.9
2007,Michigan,Jail Rate,176.9
2007,Michigan,Prison Rate,499.8
2007,Minnesota,Jail Rate,126
2007,Minnesota,Prison Rate,182.4
2007,Mississippi,Jail Rate,224.5
2007,Mississippi,Prison Rate,735.9
2007,Missouri,Jail Rate,165.8
2007,Missouri,Prison Rate,505
2007,Montana,Jail Rate,106.4
2007,Montana,Prison Rate,358.4
2007,Nebraska,Jail Rate,143.1
2007,Nebraska,Prison Rate,244.6
2007,Nevada,Jail Rate,265.1
2007,Nevada,Prison Rate,515.8
2007,New Hampshire,Jail Rate,142.7
2007,New Hampshire,Prison Rate,222.4
2007,New Jersey,Jail Rate,173.9
2007,New Jersey,Prison Rate,310.6
2007,New Mexico,Jail Rate,361.8
2007,New Mexico,Prison Rate,316.2
2007,New York,Jail Rate,155.3
2007,New York,Prison Rate,320.1
2007,North Carolina,Jail Rate,194.4
2007,North Carolina,Prison Rate,364.3
2007,North Dakota,Jail Rate,105
2007,North Dakota,Prison Rate,221.9
2007,Ohio,Jail Rate,173.5
2007,Ohio,Prison Rate,440.3
2007,Oklahoma,Jail Rate,236.3
2007,Oklahoma,Prison Rate,669.9
2007,Oregon,Jail Rate,211.9
2007,Oregon,Prison Rate,372.8
2007,Pennsylvania,Jail Rate,294.7
2007,Pennsylvania,Prison Rate,362.9
2007,Rhode Island,Prison Rate,235.2
2007,South Carolina,Jail Rate,283.3
2007,South Carolina,Prison Rate,527
2007,South Dakota,Jail Rate,154.9
2007,South Dakota,Prison Rate,414.8
2007,Tennessee,Jail Rate,275.2
2007,Tennessee,Prison Rate,425.5
2007,Texas,Jail Rate,216.4
2007,Texas,Prison Rate,678.3
2007,Utah,Jail Rate,192.5
2007,Utah,Prison Rate,241.1
2007,Vermont,Prison Rate,260.8
2007,Virginia,Jail Rate,291.5
2007,Virginia,Prison Rate,492
2007,Washington,Jail Rate,200.6
2007,Washington,Prison Rate,274.7
2007,West Virginia,Jail Rate,161.1
2007,West Virginia,Prison Rate,334
2007,Wisconsin,Jail Rate,254
2007,Wisconsin,Prison Rate,398.2
2007,Wyoming,Jail Rate,260.9
2007,Wyoming,Prison Rate,398.2
2008,Alabama,Jail Rate,285.6
2008,Alabama,Prison Rate,634.8
2008,Alaska,Prison Rate,431
2008,Arizona,Jail Rate,272
2008,Arizona,Prison Rate,572.2
2008,Arkansas,Jail Rate,194.3
2008,Arkansas,Prison Rate,511.2
2008,California,Jail Rate,209.2
2008,California,Prison Rate,471.8
2008,Colorado,Jail Rate,252.5
2008,Colorado,Prison Rate,471.6
2008,Connecticut,Prison Rate,407.4
2008,Delaware,Prison Rate,464.2
2008,District of Columbia,Jail Rate,363.6
2008,District of Columbia,Prison Rate,--
2008,Florida,Jail Rate,341.2
2008,Florida,Prison Rate,555.7
2008,Georgia,Jail Rate,435.4
2008,Georgia,Prison Rate,543.5
2008,Hawaii,Prison Rate,334.3
2008,Idaho,Jail Rate,219.2
2008,Idaho,Prison Rate,477.3
2008,Illinois,Jail Rate,155.7
2008,Illinois,Prison Rate,354.1
2008,Indiana,Jail Rate,241.8
2008,Indiana,Prison Rate,443
2008,Iowa,Jail Rate,120.2
2008,Iowa,Prison Rate,292.8
2008,Kansas,Jail Rate,232.9
2008,Kansas,Prison Rate,305.3
2008,Kentucky,Jail Rate,230.8
2008,Kentucky,Prison Rate,491.1
2008,Louisiana,Jail Rate,242.1
2008,Louisiana,Prison Rate,849.2
2008,Maine,Jail Rate,106.2
2008,Maine,Prison Rate,150.4
2008,Maryland,Jail Rate,228.6
2008,Maryland,Prison Rate,402
2008,Massachusetts,Jail Rate,189
2008,Massachusetts,Prison Rate,155.4
2008,Michigan,Jail Rate,170.4
2008,Michigan,Prison Rate,487.3
2008,Minnesota,Jail Rate,106.6
2008,Minnesota,Prison Rate,189.5
2008,Mississippi,Jail Rate,200.8
2008,Mississippi,Prison Rate,738
2008,Missouri,Jail Rate,181.8
2008,Missouri,Prison Rate,506.6
2008,Montana,Jail Rate,105.7
2008,Montana,Prison Rate,363.3
2008,Nebraska,Jail Rate,152.1
2008,Nebraska,Prison Rate,248.3
2008,Nevada,Jail Rate,255.8
2008,Nevada,Prison Rate,487.2
2008,New Hampshire,Jail Rate,141.1
2008,New Hampshire,Prison Rate,204.4
2008,New Jersey,Jail Rate,170.6
2008,New Jersey,Prison Rate,299.6
2008,New Mexico,Jail Rate,381.2
2008,New Mexico,Prison Rate,317.9
2008,New York,Jail Rate,149.2
2008,New York,Prison Rate,308
2008,North Carolina,Jail Rate,193.9
2008,North Carolina,Prison Rate,370.2
2008,North Dakota,Jail Rate,110.2
2008,North Dakota,Prison Rate,226.4
2008,Ohio,Jail Rate,162
2008,Ohio,Prison Rate,448.4
2008,Oklahoma,Jail Rate,207.6
2008,Oklahoma,Prison Rate,664.4
2008,Oregon,Jail Rate,156.8
2008,Oregon,Prison Rate,373.5
2008,Pennsylvania,Jail Rate,287.2
2008,Pennsylvania,Prison Rate,390.3
2008,Rhode Island,Prison Rate,239.4
2008,South Carolina,Jail Rate,279.2
2008,South Carolina,Prison Rate,520.9
2008,South Dakota,Jail Rate,137.7
2008,South Dakota,Prison Rate,414.3
2008,Tennessee,Jail Rate,280.8
2008,Tennessee,Prison Rate,436.3
2008,Texas,Jail Rate,211.3
2008,Texas,Prison Rate,670.7
2008,Utah,Jail Rate,188.4
2008,Utah,Prison Rate,235.6
2008,Vermont,Prison Rate,260.5
2008,Virginia,Jail Rate,268.1
2008,Virginia,Prison Rate,490.2
2008,Washington,Jail Rate,192.4
2008,Washington,Prison Rate,273
2008,West Virginia,Jail Rate,160.6
2008,West Virginia,Prison Rate,331.7
2008,Wisconsin,Jail Rate,244.1
2008,Wisconsin,Prison Rate,398.8
2008,Wyoming,Jail Rate,284.9
2008,Wyoming,Prison Rate,391
2009,Alabama,Jail Rate,225.6
2009,Alabama,Prison Rate,652.5
2009,Alaska,Prison Rate,359.1
2009,Arizona,Jail Rate,225.2
2009,Arizona,Prison Rate,584.2
2009,Arkansas,Jail Rate,186.7
2009,Arkansas,Prison Rate,524.1
2009,California,Jail Rate,202.6
2009,California,Prison Rate,460.3
2009,Colorado,Jail Rate,250.3
2009,Colorado,Prison Rate,453.7
2009,Connecticut,Prison Rate,382.7
2009,Delaware,Prison Rate,448.6
2009,District of Columbia,Jail Rate,377.1
2009,District of Columbia,Prison Rate,--
2009,Florida,Jail Rate,310
2009,Florida,Prison Rate,560.6
2009,Georgia,Jail Rate,430.9
2009,Georgia,Prison Rate,564.8
2009,Hawaii,Prison Rate,318
2009,Idaho,Jail Rate,207.4
2009,Idaho,Prison Rate,478.7
2009,Illinois,Jail Rate,143.8
2009,Illinois,Prison Rate,349.8
2009,Indiana,Jail Rate,246.1
2009,Indiana,Prison Rate,448.2
2009,Iowa,Jail Rate,112.9
2009,Iowa,Prison Rate,293
2009,Kansas,Jail Rate,207.5
2009,Kansas,Prison Rate,306.6
2009,Kentucky,Jail Rate,215
2009,Kentucky,Prison Rate,479.2
2009,Louisiana,Jail Rate,198.7
2009,Louisiana,Prison Rate,885.6
2009,Maine,Jail Rate,102.3
2009,Maine,Prison Rate,150.2
2009,Maryland,Jail Rate,203.8
2009,Maryland,Prison Rate,383.7
2009,Massachusetts,Jail Rate,187
2009,Massachusetts,Prison Rate,152.7
2009,Michigan,Jail Rate,164.2
2009,Michigan,Prison Rate,456.2
2009,Minnesota,Jail Rate,105.4
2009,Minnesota,Prison Rate,189.6
2009,Mississippi,Jail Rate,175.3
2009,Mississippi,Prison Rate,703.5
2009,Missouri,Jail Rate,176.5
2009,Missouri,Prison Rate,510.3
2009,Montana,Jail Rate,109.8
2009,Montana,Prison Rate,369.8
2009,Nebraska,Jail Rate,166.1
2009,Nebraska,Prison Rate,244.5
2009,Nevada,Jail Rate,266.1
2009,Nevada,Prison Rate,472.3
2009,New Hampshire,Jail Rate,146.9
2009,New Hampshire,Prison Rate,206.2
2009,New Jersey,Jail Rate,152.1
2009,New Jersey,Prison Rate,291.5
2009,New Mexico,Jail Rate,336.9
2009,New Mexico,Prison Rate,314.5
2009,New York,Jail Rate,146
2009,New York,Prison Rate,299.1
2009,North Carolina,Jail Rate,153.5
2009,North Carolina,Prison Rate,371.6
2009,North Dakota,Jail Rate,101.3
2009,North Dakota,Prison Rate,229.7
2009,Ohio,Jail Rate,167.7
2009,Ohio,Prison Rate,447.1
2009,Oklahoma,Jail Rate,214.5
2009,Oklahoma,Prison Rate,661.7
2009,Oregon,Jail Rate,142.3
2009,Oregon,Prison Rate,375.5
2009,Pennsylvania,Jail Rate,287.6
2009,Pennsylvania,Prison Rate,407.1
2009,Rhode Island,Prison Rate,210.8
2009,South Carolina,Jail Rate,253.9
2009,South Carolina,Prison Rate,514.9
2009,South Dakota,Jail Rate,161.2
2009,South Dakota,Prison Rate,422.2
2009,Tennessee,Jail Rate,288.2
2009,Tennessee,Prison Rate,428.3
2009,Texas,Jail Rate,200.6
2009,Texas,Prison Rate,654.4
2009,Utah,Jail Rate,189.3
2009,Utah,Prison Rate,234.3
2009,Vermont,Prison Rate,277.3
2009,Virginia,Jail Rate,242.8
2009,Virginia,Prison Rate,482.8
2009,Washington,Jail Rate,183.1
2009,Washington,Prison Rate,273.1
2009,West Virginia,Jail Rate,128.1
2009,West Virginia,Prison Rate,346.9
2009,Wisconsin,Jail Rate,189.7
2009,Wisconsin,Prison Rate,394.9
2009,Wyoming,Jail Rate,265.5
2009,Wyoming,Prison Rate,381.2
2010,Alabama,Jail Rate,268.1
2010,Alabama,Prison Rate,642.4
2010,Alaska,Prison Rate,388.6
2010,Arizona,Jail Rate,194.2
2010,Arizona,Prison Rate,599.1
2010,Arkansas,Jail Rate,176.3
2010,Arkansas,Prison Rate,552.7
2010,California,Jail Rate,183.6
2010,California,Prison Rate,439.8
2010,Colorado,Jail Rate,236.8
2010,Colorado,Prison Rate,452
2010,Connecticut,Prison Rate,372.2
2010,Delaware,Prison Rate,440.2
2010,District of Columbia,Jail Rate,364
2010,District of Columbia,Prison Rate,--
2010,Florida,Jail Rate,292.6
2010,Florida,Prison Rate,553.7
2010,Georgia,Jail Rate,431
2010,Georgia,Prison Rate,563.1
2010,Hawaii,Prison Rate,288.9
2010,Idaho,Jail Rate,194.1
2010,Idaho,Prison Rate,473
2010,Illinois,Jail Rate,147.6
2010,Illinois,Prison Rate,377
2010,Indiana,Jail Rate,243.5
2010,Indiana,Prison Rate,431.6
2010,Iowa,Jail Rate,115.3
2010,Iowa,Prison Rate,307.8
2010,Kansas,Jail Rate,230.7
2010,Kansas,Prison Rate,316.6
2010,Kentucky,Jail Rate,225
2010,Kentucky,Prison Rate,458.6
2010,Louisiana,Jail Rate,243.1
2010,Louisiana,Prison Rate,867.8
2010,Maine,Jail Rate,62.9
2010,Maine,Prison Rate,146.3
2010,Maryland,Jail Rate,204.3
2010,Maryland,Prison Rate,385
2010,Massachusetts,Jail Rate,148.3
2010,Massachusetts,Prison Rate,153
2010,Michigan,Jail Rate,159.1
2010,Michigan,Prison Rate,446.6
2010,Minnesota,Jail Rate,108.7
2010,Minnesota,Prison Rate,184.5
2010,Mississippi,Jail Rate,189.1
2010,Mississippi,Prison Rate,685.7
2010,Missouri,Jail Rate,163.3
2010,Missouri,Prison Rate,510.6
2010,Montana,Jail Rate,124.8
2010,Montana,Prison Rate,375
2010,Nebraska,Jail Rate,161.8
2010,Nebraska,Prison Rate,245.8
2010,Nevada,Jail Rate,253.9
2010,Nevada,Prison Rate,464.3
2010,New Hampshire,Jail Rate,146.9
2010,New Hampshire,Prison Rate,209.7
2010,New Jersey,Jail Rate,154.4
2010,New Jersey,Prison Rate,284.2
2010,New Mexico,Jail Rate,362.6
2010,New Mexico,Prison Rate,320.2
2010,New York,Jail Rate,146.4
2010,New York,Prison Rate,291.1
2010,North Carolina,Jail Rate,178.9
2010,North Carolina,Prison Rate,370.7
2010,North Dakota,Jail Rate,102.6
2010,North Dakota,Prison Rate,220.4
2010,Ohio,Jail Rate,145.8
2010,Ohio,Prison Rate,448.2
2010,Oklahoma,Jail Rate,227.9
2010,Oklahoma,Prison Rate,651.9
2010,Oregon,Jail Rate,143.8
2010,Oregon,Prison Rate,386.4
2010,Pennsylvania,Jail Rate,266.2
2010,Pennsylvania,Prison Rate,401.6
2010,Rhode Island,Prison Rate,198.2
2010,South Carolina,Jail Rate,242.5
2010,South Carolina,Prison Rate,492.2
2010,South Dakota,Jail Rate,151.6
2010,South Dakota,Prison Rate,420.2
2010,Tennessee,Jail Rate,292
2010,Tennessee,Prison Rate,431.8
2010,Texas,Jail Rate,192.2
2010,Texas,Prison Rate,652
2010,Utah,Jail Rate,195.9
2010,Utah,Prison Rate,244.8
2010,Vermont,Prison Rate,263.5
2010,Virginia,Jail Rate,260.5
2010,Virginia,Prison Rate,466.2
2010,Washington,Jail Rate,168
2010,Washington,Prison Rate,270.1
2010,West Virginia,Jail Rate,126.1
2010,West Virginia,Prison Rate,358.2
2010,Wisconsin,Jail Rate,226.4
2010,Wisconsin,Prison Rate,386.1
2010,Wyoming,Jail Rate,263.1
2010,Wyoming,Prison Rate,374.1
2011,Alabama,Jail Rate,257.1
2011,Alabama,Prison Rate,649.6
2011,Alaska,Prison Rate,398.6
2011,Arizona,Jail Rate,195.2
2011,Arizona,Prison Rate,589.2
2011,Arkansas,Jail Rate,204.3
2011,Arkansas,Prison Rate,544.6
2011,California,Jail Rate,179.6
2011,California,Prison Rate,393.5
2011,Colorado,Jail Rate,214.7
2011,Colorado,Prison Rate,426.5
2011,Connecticut,Prison Rate,349.6
2011,Delaware,Prison Rate,438.5
2011,District of Columbia,Jail Rate,354.2
2011,District of Columbia,Prison Rate,--
2011,Florida,Jail Rate,283.4
2011,Florida,Prison Rate,536.6
2011,Georgia,Jail Rate,405.9
2011,Georgia,Prison Rate,546.8
2011,Hawaii,Prison Rate,282.2
2011,Idaho,Jail Rate,183.7
2011,Idaho,Prison Rate,486.7
2011,Illinois,Jail Rate,150.2
2011,Illinois,Prison Rate,376.3
2011,Indiana,Jail Rate,237.6
2011,Indiana,Prison Rate,442.6
2011,Iowa,Jail Rate,118
2011,Iowa,Prison Rate,295
2011,Kansas,Jail Rate,214.4
2011,Kansas,Prison Rate,324
2011,Kentucky,Jail Rate,229.4
2011,Kentucky,Prison Rate,479
2011,Louisiana,Jail Rate,207.3
2011,Louisiana,Prison Rate,865.2
2011,Maine,Jail Rate,85.9
2011,Maine,Prison Rate,146.9
2011,Maryland,Jail Rate,203.7
2011,Maryland,Prison Rate,379.5
2011,Massachusetts,Jail Rate,141.8
2011,Massachusetts,Prison Rate,205
2011,Michigan,Jail Rate,160.1
2011,Michigan,Prison Rate,434.2
2011,Minnesota,Jail Rate,101.7
2011,Minnesota,Prison Rate,182.7
2011,Mississippi,Jail Rate,145.7
2011,Mississippi,Prison Rate,690.3
2011,Missouri,Jail Rate,177.2
2011,Missouri,Prison Rate,512.4
2011,Montana,Jail Rate,34.9
2011,Montana,Prison Rate,367.2
2011,Nebraska,Jail Rate,157.7
2011,Nebraska,Prison Rate,243.9
2011,Nevada,Jail Rate,241.6
2011,Nevada,Prison Rate,461.3
2011,New Hampshire,Jail Rate,144.4
2011,New Hampshire,Prison Rate,198.1
2011,New Jersey,Jail Rate,149.8
2011,New Jersey,Prison Rate,269.3
2011,New Mexico,Jail Rate,332.5
2011,New Mexico,Prison Rate,329.1
2011,New York,Jail Rate,143.8
2011,New York,Prison Rate,282.8
2011,North Carolina,Jail Rate,177.2
2011,North Carolina,Prison Rate,361.7
2011,North Dakota,Jail Rate,125.3
2011,North Dakota,Prison Rate,205.5
2011,Ohio,Jail Rate,148.4
2011,Ohio,Prison Rate,441.4
2011,Oklahoma,Jail Rate,228.6
2011,Oklahoma,Prison Rate,632.2
2011,Oregon,Jail Rate,142.7
2011,Oregon,Prison Rate,372.2
2011,Pennsylvania,Jail Rate,272.7
2011,Pennsylvania,Prison Rate,402.9
2011,Rhode Island,Prison Rate,196.5
2011,South Carolina,Jail Rate,235.5
2011,South Carolina,Prison Rate,473.1
2011,South Dakota,Jail Rate,141.4
2011,South Dakota,Prison Rate,426
2011,Tennessee,Jail Rate,278
2011,Tennessee,Prison Rate,443
2011,Texas,Jail Rate,189.5
2011,Texas,Prison Rate,632.7
2011,Utah,Jail Rate,183.2
2011,Utah,Prison Rate,242.6
2011,Vermont,Prison Rate,255.1
2011,Virginia,Jail Rate,226.8
2011,Virginia,Prison Rate,468
2011,Washington,Jail Rate,178.7
2011,Washington,Prison Rate,259.5
2011,West Virginia,Jail Rate,108.7
2011,West Virginia,Prison Rate,366.6
2011,Wisconsin,Jail Rate,229.2
2011,Wisconsin,Prison Rate,384.6
2011,Wyoming,Jail Rate,250
2011,Wyoming,Prison Rate,381.7
2012,Alabama,Jail Rate,243.7
2012,Alabama,Prison Rate,650.5
2012,Alaska,Prison Rate,405.2
2012,Arizona,Jail Rate,208.5
2012,Arizona,Prison Rate,582.8
2012,Arkansas,Jail Rate,221.8
2012,Arkansas,Prison Rate,494.2
2012,California,Jail Rate,198.6
2012,California,Prison Rate,351.2
2012,Colorado,Jail Rate,226.6
2012,Colorado,Prison Rate,392.2
2012,Connecticut,Prison Rate,332.6
2012,Delaware,Prison Rate,448.4
2012,District of Columbia,Jail Rate,261.8
2012,District of Columbia,Prison Rate,--
2012,Florida,Jail Rate,275.2
2012,Florida,Prison Rate,524.5
2012,Georgia,Jail Rate,386.2
2012,Georgia,Prison Rate,542
2012,Hawaii,Prison Rate,273.2
2012,Idaho,Jail Rate,190.3
2012,Idaho,Prison Rate,498.8
2012,Illinois,Jail Rate,155
2012,Illinois,Prison Rate,382.8
2012,Indiana,Jail Rate,250.6
2012,Indiana,Prison Rate,439.9
2012,Iowa,Jail Rate,122.7
2012,Iowa,Prison Rate,281.7
2012,Kansas,Jail Rate,204.2
2012,Kansas,Prison Rate,324.6
2012,Kentucky,Jail Rate,226.6
2012,Kentucky,Prison Rate,489.2
2012,Louisiana,Jail Rate,227
2012,Louisiana,Prison Rate,870.1
2012,Maine,Jail Rate,87.6
2012,Maine,Prison Rate,145.4
2012,Maryland,Jail Rate,198.8
2012,Maryland,Prison Rate,360.3
2012,Massachusetts,Jail Rate,130.2
2012,Massachusetts,Prison Rate,199
2012,Michigan,Jail Rate,165.5
2012,Michigan,Prison Rate,440.8
2012,Minnesota,Jail Rate,98.8
2012,Minnesota,Prison Rate,184.2
2012,Mississippi,Jail Rate,195.3
2012,Mississippi,Prison Rate,716.7
2012,Missouri,Jail Rate,191.4
2012,Missouri,Prison Rate,518
2012,Montana,Jail Rate,131.6
2012,Montana,Prison Rate,357.9
2012,Nebraska,Jail Rate,159
2012,Nebraska,Prison Rate,246.5
2012,Nevada,Jail Rate,237.8
2012,Nevada,Prison Rate,459.9
2012,New Hampshire,Jail Rate,147.9
2012,New Hampshire,Prison Rate,211.2
2012,New Jersey,Jail Rate,160.6
2012,New Jersey,Prison Rate,261.3
2012,New Mexico,Jail Rate,337.4
2012,New Mexico,Prison Rate,314.8
2012,New York,Jail Rate,142
2012,New York,Prison Rate,275.6
2012,North Carolina,Jail Rate,185
2012,North Carolina,Prison Rate,357.2
2012,North Dakota,Jail Rate,124.8
2012,North Dakota,Prison Rate,213.5
2012,Ohio,Jail Rate,156.1
2012,Ohio,Prison Rate,440.4
2012,Oklahoma,Jail Rate,236.7
2012,Oklahoma,Prison Rate,647.9
2012,Oregon,Jail Rate,192.3
2012,Oregon,Prison Rate,378.3
2012,Pennsylvania,Jail Rate,283.2
2012,Pennsylvania,Prison Rate,398.2
2012,Rhode Island,Prison Rate,190.1
2012,South Carolina,Jail Rate,222.5
2012,South Carolina,Prison Rate,458
2012,South Dakota,Jail Rate,169.3
2012,South Dakota,Prison Rate,434.5
2012,Tennessee,Jail Rate,287
2012,Tennessee,Prison Rate,438.2
2012,Texas,Jail Rate,192.5
2012,Texas,Prison Rate,601.2
2012,Utah,Jail Rate,183.2
2012,Utah,Prison Rate,242.1
2012,Vermont,Prison Rate,242.3
2012,Virginia,Jail Rate,259.8
2012,Virginia,Prison Rate,450.7
2012,Washington,Jail Rate,164.2
2012,Washington,Prison Rate,249
2012,West Virginia,Jail Rate,131.3
2012,West Virginia,Prison Rate,378.5
2012,Wisconsin,Jail Rate,209.9
2012,Wisconsin,Prison Rate,356.9
2012,Wyoming,Jail Rate,255.6
2012,Wyoming,Prison Rate,379.5
2013,Alabama,Jail Rate,216
2013,Alabama,Prison Rate,647.4
2013,Alaska,Prison Rate,363.8
2013,Arizona,Jail Rate,202.6
2013,Arizona,Prison Rate,584.3
2013,Arkansas,Jail Rate,128.9
2013,Arkansas,Prison Rate,579
2013,California,Jail Rate,202.7
2013,California,Prison Rate,352
2013,Colorado,Jail Rate,220.8
2013,Colorado,Prison Rate,383.3
2013,Connecticut,Prison Rate,337.9
2013,Delaware,Prison Rate,441.8
2013,District of Columbia,Jail Rate,233.7
2013,District of Columbia,Prison Rate,--
2013,Florida,Jail Rate,247.9
2013,Florida,Prison Rate,521.6
2013,Georgia,Jail Rate,317.3
2013,Georgia,Prison Rate,532.2
2013,Hawaii,Prison Rate,255.8
2013,Idaho,Jail Rate,164.1
2013,Idaho,Prison Rate,507.5
2013,Illinois,Jail Rate,160.4
2013,Illinois,Prison Rate,377.5
2013,Indiana,Jail Rate,218.8
2013,Indiana,Prison Rate,454.1
2013,Iowa,Jail Rate,114.9
2013,Iowa,Prison Rate,279.1
2013,Kansas,Jail Rate,208.8
2013,Kansas,Prison Rate,327.7
2013,Kentucky,Jail Rate,195.2
2013,Kentucky,Prison Rate,461.3
2013,Louisiana,Jail Rate,130.9
2013,Louisiana,Prison Rate,846.8
2013,Maine,Jail Rate,71.7
2013,Maine,Prison Rate,148.3
2013,Maryland,Jail Rate,195.7
2013,Maryland,Prison Rate,352.2
2013,Massachusetts,Jail Rate,140.5
2013,Massachusetts,Prison Rate,191.9
2013,Michigan,Jail Rate,166.3
2013,Michigan,Prison Rate,441.2
2013,Minnesota,Jail Rate,94.3
2013,Minnesota,Prison Rate,189.1
2013,Mississippi,Jail Rate,165.2
2013,Mississippi,Prison Rate,692.8
2013,Missouri,Jail Rate,180.7
2013,Missouri,Prison Rate,520.8
2013,Montana,Jail Rate,211.3
2013,Montana,Prison Rate,357.2
2013,Nebraska,Jail Rate,161.1
2013,Nebraska,Prison Rate,262.8
2013,Nevada,Jail Rate,235.6
2013,Nevada,Prison Rate,458.6
2013,New Hampshire,Jail Rate,137.5
2013,New Hampshire,Prison Rate,215
2013,New Jersey,Jail Rate,162.3
2013,New Jersey,Prison Rate,251.5
2013,New Mexico,Jail Rate,340.8
2013,New Mexico,Prison Rate,320.4
2013,New York,Jail Rate,127.9
2013,New York,Prison Rate,270.8
2013,North Carolina,Jail Rate,180.1
2013,North Carolina,Prison Rate,355.4
2013,North Dakota,Jail Rate,119
2013,North Dakota,Prison Rate,205.9
2013,Ohio,Jail Rate,153
2013,Ohio,Prison Rate,446.5
2013,Oklahoma,Jail Rate,177.5
2013,Oklahoma,Prison Rate,702.8
2013,Oregon,Jail Rate,135.8
2013,Oregon,Prison Rate,384.3
2013,Pennsylvania,Jail Rate,279.2
2013,Pennsylvania,Prison Rate,400.5
2013,Rhode Island,Prison Rate,193.4
2013,South Carolina,Jail Rate,223.2
2013,South Carolina,Prison Rate,446.4
2013,South Dakota,Jail Rate,179.8
2013,South Dakota,Prison Rate,432.3
2013,Tennessee,Jail Rate,252.6
2013,Tennessee,Prison Rate,437.1
2013,Texas,Jail Rate,170.4
2013,Texas,Prison Rate,599.5
2013,Utah,Jail Rate,150.2
2013,Utah,Prison Rate,241.9
2013,Vermont,Prison Rate,251.3
2013,Virginia,Jail Rate,236.8
2013,Virginia,Prison Rate,445.6
2013,Washington,Jail Rate,148.4
2013,Washington,Prison Rate,255.7
2013,West Virginia,Jail Rate,171.7
2013,West Virginia,Prison Rate,367.7
2013,Wisconsin,Jail Rate,206.5
2013,Wisconsin,Prison Rate,370.1
2013,Wyoming,Jail Rate,260.3
2013,Wyoming,Prison Rate,395.7
2014,Alabama,Prison Rate,633.7
2014,Alaska,Prison Rate,281.2
2014,Arizona,Prison Rate,592.4
2014,Arkansas,Prison Rate,599.2
2014,California,Prison Rate,348.1
2014,Colorado,Prison Rate,381.8
2014,Connecticut,Prison Rate,326.5
2014,Delaware,Prison Rate,439.9
2014,District of Columbia,Prison Rate,--
2014,Florida,Prison Rate,511.8
2014,Georgia,Prison Rate,516.6
2014,Hawaii,Prison Rate,256.8
2014,Idaho,Prison Rate,488.5
2014,Illinois,Prison Rate,374.9
2014,Indiana,Prison Rate,442.6
2014,Iowa,Prison Rate,282.2
2014,Kansas,Prison Rate,328.8
2014,Kentucky,Prison Rate,474.4
2014,Louisiana,Prison Rate,815.6
2014,Maine,Prison Rate,152.6
2014,Maryland,Prison Rate,345.9
2014,Massachusetts,Prison Rate,188.2
2014,Michigan,Prison Rate,436.9
2014,Minnesota,Prison Rate,194.3
2014,Mississippi,Prison Rate,597
2014,Missouri,Prison Rate,525.6
2014,Montana,Prison Rate,359.6
2014,Nebraska,Prison Rate,282.9
2014,Nevada,Prison Rate,433.2
2014,New Hampshire,Prison Rate,219.2
2014,New Jersey,Prison Rate,241.2
2014,New Mexico,Prison Rate,328.8
2014,New York,Prison Rate,264.9
2014,North Carolina,Prison Rate,357.9
2014,North Dakota,Prison Rate,214.1
2014,Ohio,Prison Rate,443.8
2014,Oklahoma,Prison Rate,699.5
2014,Oregon,Prison Rate,376.3
2014,Pennsylvania,Prison Rate,393.8
2014,Rhode Island,Prison Rate,178
2014,South Carolina,Prison Rate,428.2
2014,South Dakota,Prison Rate,421
2014,Tennessee,Prison Rate,437.4
2014,Texas,Prison Rate,582.3
2014,Utah,Prison Rate,236.5
2014,Vermont,Prison Rate,240.7
2014,Virginia,Prison Rate,449.2
2014,Washington,Prison Rate,253.6
2014,West Virginia,Prison Rate,372.5
2014,Wisconsin,Prison Rate,371.1
2014,Wyoming,Prison Rate,407.1
2015,Alabama,Prison Rate,611.3
2015,Alaska,Prison Rate,306.2
2015,Arizona,Prison Rate,595.9
2015,Arkansas,Prison Rate,591.2
2015,California,Prison Rate,328.6
2015,Colorado,Prison Rate,364.2
2015,Connecticut,Prison Rate,312.2
2015,Delaware,Prison Rate,440.7
2015,District of Columbia,Prison Rate,--
2015,Florida,Prison Rate,495.9
2015,Georgia,Prison Rate,503.4
2015,Hawaii,Prison Rate,262.3
2015,Idaho,Prison Rate,436
2015,Illinois,Prison Rate,359.6
2015,Indiana,Prison Rate,411.9
2015,Iowa,Prison Rate,281.3
2015,Kansas,Prison Rate,328.3
2015,Kentucky,Prison Rate,489.3
2015,Louisiana,Prison Rate,776.2
2015,Maine,Prison Rate,131.9
2015,Maryland,Prison Rate,338.8
2015,Massachusetts,Prison Rate,179.3
2015,Michigan,Prison Rate,429.2
2015,Minnesota,Prison Rate,196.1
2015,Mississippi,Prison Rate,608.8
2015,Missouri,Prison Rate,530.1
2015,Montana,Prison Rate,355.2
2015,Nebraska,Prison Rate,279
2015,Nevada,Prison Rate,444.1
2015,New Hampshire,Prison Rate,217.5
2015,New Jersey,Prison Rate,228.2
2015,New Mexico,Prison Rate,335.4
2015,New York,Prison Rate,260.1
2015,North Carolina,Prison Rate,352
2015,North Dakota,Prison Rate,232.7
2015,Ohio,Prison Rate,449
2015,Oklahoma,Prison Rate,715.3
2015,Oregon,Prison Rate,375.5
2015,Pennsylvania,Prison Rate,386.7
2015,Rhode Island,Prison Rate,203.8
2015,South Carolina,Prison Rate,413.9
2015,South Dakota,Prison Rate,413.1
2015,Tennessee,Prison Rate,425
2015,Texas,Prison Rate,567.5
2015,Utah,Prison Rate,214.9
2015,Vermont,Prison Rate,206.2
2015,Virginia,Prison Rate,456.7
2015,Washington,Prison Rate,252.2
2015,West Virginia,Prison Rate,386
2015,Wisconsin,Prison Rate,376.6
2015,Wyoming,Prison Rate,413.1
